Date,PX_LAST
31/10/2020,8.305
30/10/2020,7.9475
29/10/2020,8.255
28/10/2020,8.675
27/10/2020,8.18
26/10/2020,7.8575
23/10/2020,7.52
22/10/2020,7.5525
21/10/2020,7.8025
20/10/2020,7.5625
19/10/2020,7.175
16/10/2020,6.7475
15/10/2020,6.9775
14/10/2020,6.9325
13/10/2020,7.14
12/10/2020,7.21
09/10/2020,7.1175
08/10/2020,7.26
07/10/2020,7.5575
06/10/2020,7.5775
05/10/2020,7.6275
02/10/2020,7.3175
01/10/2020,6.5425
30/09/2020,6.4075
29/09/2020,6.6725
28/09/2020,6.5625
25/09/2020,6.52
24/09/2020,6.7025
23/09/2020,6.8075
22/09/2020,6.79
21/09/2020,6.895
18/09/2020,6.4
17/09/2020,6.6175
16/09/2020,6.7975
15/09/2020,7.1625
14/09/2020,7.0375
11/09/2020,7.02
10/09/2020,7.3575
09/09/2020,7.57
08/09/2020,7.6425
07/09/2020,7.475
04/09/2020,7.23
03/09/2020,7.615
02/09/2020,7.63
01/09/2020,7.7625
31/08/2020,7.845
28/08/2020,7.465
27/08/2020,7.11
26/08/2020,7.49
25/08/2020,7.56
24/08/2020,7.79
21/08/2020,7.63
20/08/2020,7.775
19/08/2020,8.0725
18/08/2020,8.1925
17/08/2020,7.705
14/08/2020,7.44
13/08/2020,7.605
12/08/2020,7.4
11/08/2020,7.17
10/08/2020,7.11
07/08/2020,7.4275
06/08/2020,7.9025
05/08/2020,8.435
04/08/2020,7.81
03/08/2020,7.92
31/07/2020,7.81
30/07/2020,7.8525
29/07/2020,7.865
28/07/2020,7.8125
27/07/2020,8.1675
24/07/2020,6.9925
23/07/2020,6.745
22/07/2020,6.79
21/07/2020,6.525
20/07/2020,6.3475
17/07/2020,6.595
16/07/2020,6.365
15/07/2020,6.8675
14/07/2020,6.9225
13/07/2020,6.8525
10/07/2020,6.4825
09/07/2020,6.6175
08/07/2020,6.5375
07/07/2020,6.66
06/07/2020,6.8375
03/07/2020,6.365
02/07/2020,6.635
01/07/2020,6.8575
30/06/2020,7.1175
29/06/2020,7.3325
26/06/2020,7.055
25/06/2020,7.25
24/06/2020,7.6975
23/06/2020,7.5675
22/06/2020,7.3325
19/06/2020,7.2425
18/06/2020,7.4475
17/06/2020,7.705
16/06/2020,7.8425
15/06/2020,7.785
12/06/2020,8.11
11/06/2020,8.1125
10/06/2020,7.65
09/06/2020,7.33
08/06/2020,6.99
05/06/2020,6.795
04/06/2020,6.9
03/06/2020,7.0575
02/06/2020,6.59
01/06/2020,6.3875
29/05/2020,6.4175
28/05/2020,6.555
27/05/2020,6.4125
26/05/2020,6.15
25/05/2020,6.47
22/05/2020,6.385
21/05/2020,6.49
20/05/2020,6.84
19/05/2020,6.735
18/05/2020,6.6675
15/05/2020,6.5275
14/05/2020,6.6675
13/05/2020,6.7625
12/05/2020,6.7925
11/05/2020,7.035
08/05/2020,6.8725
07/05/2020,7.15
06/05/2020,7.1675
05/05/2020,7.0975
04/05/2020,7.385
01/05/2020,6.68
30/04/2020,6.335
29/04/2020,6.59
28/04/2020,7.4725
27/04/2020,7.605
24/04/2020,7.7775
23/04/2020,7.9225
22/04/2020,7.94
21/04/2020,7.9725
20/04/2020,7.7525
17/04/2020,7.7425
16/04/2020,8.16
15/04/2020,7.8825
14/04/2020,7.605
13/04/2020,7.85
10/04/2020,7.58
09/04/2020,7.6925
08/04/2020,8.09
07/04/2020,8.4725
06/04/2020,8.65
03/04/2020,9.6
02/04/2020,9.5325
01/04/2020,9.5025
31/03/2020,9.2525
30/03/2020,9.7975
27/03/2020,9.9675
26/03/2020,9.6075
25/03/2020,9.5875
24/03/2020,11.5375
23/03/2020,13.6525
20/03/2020,14.3225
19/03/2020,14.91
18/03/2020,12.8425
17/03/2020,10.9775
16/03/2020,11.0375
13/03/2020,10.205
12/03/2020,10.9175
11/03/2020,10.0375
10/03/2020,9.59
09/03/2020,11.655
06/03/2020,8.2875
05/03/2020,7.2725
04/03/2020,6.0925
03/03/2020,7.035
02/03/2020,7.57
28/02/2020,6.83
27/02/2020,6.065
26/02/2020,5.595
25/02/2020,5.4875
24/02/2020,5.33
21/02/2020,4.7625
20/02/2020,5.045
19/02/2020,4.7725
18/02/2020,4.5925
17/02/2020,4.3975
14/02/2020,4.53
13/02/2020,4.6025
12/02/2020,4.345
11/02/2020,4.25
10/02/2020,4.2675
07/02/2020,4.0375
06/02/2020,3.9775
05/02/2020,3.81
04/02/2020,3.7725
03/02/2020,3.9825
31/01/2020,4.145
30/01/2020,3.8825
29/01/2020,3.7825
28/01/2020,4.0625
27/01/2020,4.115
24/01/2020,3.9225
23/01/2020,3.8575
22/01/2020,3.84
21/01/2020,3.9475
20/01/2020,3.995
17/01/2020,3.8725
16/01/2020,3.9375
15/01/2020,4.1475
14/01/2020,4.13
13/01/2020,4.2125
10/01/2020,4.0325
09/01/2020,4.0575
08/01/2020,4.37
07/01/2020,4.555
06/01/2020,4.7775
03/01/2020,4.84
02/01/2020,4.6875
01/01/2020,5.0225
31/12/2019,5
30/12/2019,4.895
27/12/2019,4.2725
26/12/2019,4
25/12/2019,3.95
24/12/2019,3.935
23/12/2019,3.9475
20/12/2019,3.845
19/12/2019,3.9975
18/12/2019,4.235
17/12/2019,4.4
16/12/2019,4.38
13/12/2019,4.375
12/12/2019,4.545
11/12/2019,4.625
10/12/2019,4.495
09/12/2019,4.42
06/12/2019,4.3125
05/12/2019,4.335
04/12/2019,4.425
03/12/2019,4.42
02/12/2019,4.415
29/11/2019,4.09
28/11/2019,3.94
27/11/2019,4.105
26/11/2019,4.1425
25/11/2019,4.39
22/11/2019,4.47
21/11/2019,4.59
20/11/2019,4.79
19/11/2019,4.81
18/11/2019,4.9
15/11/2019,4.78
14/11/2019,4.74
13/11/2019,4.6725
12/11/2019,4.7675
11/11/2019,4.405
08/11/2019,4.355
07/11/2019,4.4475
06/11/2019,4.4875
05/11/2019,4.5125
04/11/2019,4.5575
01/11/2019,4.45
31/10/2019,4.4875
30/10/2019,4.55
29/10/2019,4.6
28/10/2019,4.565
25/10/2019,4.665
24/10/2019,4.905
23/10/2019,5.13
22/10/2019,5.3575
21/10/2019,5.45
18/10/2019,5.51
17/10/2019,5.4475
16/10/2019,5.42
15/10/2019,5.445
14/10/2019,5.4
11/10/2019,5.49
10/10/2019,5.305
09/10/2019,5.33
08/10/2019,5.425
07/10/2019,5.4775
04/10/2019,5.43
03/10/2019,5.7625
02/10/2019,5.795
01/10/2019,5.805
30/09/2019,5.79
27/09/2019,5.4675
26/09/2019,5.4825
25/09/2019,5.4125
24/09/2019,5.2975
23/09/2019,5.1725
20/09/2019,4.7975
19/09/2019,4.7325
18/09/2019,4.965
17/09/2019,5.2575
16/09/2019,5.155
13/09/2019,5.1375
12/09/2019,5.375
11/09/2019,6.0425
10/09/2019,5.625
09/09/2019,5.4
06/09/2019,5.3025
05/09/2019,5.545
04/09/2019,5.7625
03/09/2019,6.3225
02/09/2019,6.155
30/08/2019,5.8225
29/08/2019,5.5125
28/08/2019,5.44
27/08/2019,5.55
26/08/2019,6.015
23/08/2019,6.1425
22/08/2019,5.715
21/08/2019,5.845
20/08/2019,6.005
19/08/2019,6.015
16/08/2019,5.7775
15/08/2019,5.965
14/08/2019,5.8575
13/08/2019,5.7125
12/08/2019,6.145
09/08/2019,5.3075
08/08/2019,5.3225
07/08/2019,5.615
06/08/2019,5.24
05/08/2019,5.81
02/08/2019,5.115
01/08/2019,5.1175
31/07/2019,4.88
30/07/2019,4.9825
29/07/2019,5.0875
26/07/2019,4.875
25/07/2019,5.0425
24/07/2019,5.695
23/07/2019,5.39
22/07/2019,5.1825
19/07/2019,5.1175
18/07/2019,5.06
17/07/2019,4.9275
16/07/2019,4.91
15/07/2019,4.9125
12/07/2019,4.8075
11/07/2019,4.7975
10/07/2019,4.8425
09/07/2019,4.9325
08/07/2019,4.9775
05/07/2019,4.9575
04/07/2019,5.1175
03/07/2019,5.23
02/07/2019,5.2475
01/07/2019,5.4275
28/06/2019,5.6275
27/06/2019,5.4775
26/06/2019,5.53
25/06/2019,5.8025
24/06/2019,5.59
21/06/2019,5.1825
20/06/2019,5.0025
19/06/2019,4.8775
18/06/2019,5.1425
17/06/2019,5.175
14/06/2019,5.12
13/06/2019,5.0775
12/06/2019,5.4075
11/06/2019,5.485
10/06/2019,5.57
07/06/2019,5.6375
06/06/2019,5.635
05/06/2019,5.8875
04/06/2019,5.705
03/06/2019,5.64
31/05/2019,4.8475
30/05/2019,4.7325
29/05/2019,4.9575
28/05/2019,4.8575
27/05/2019,4.95
24/05/2019,5.0825
23/05/2019,5.125
22/05/2019,4.885
21/05/2019,4.95
20/05/2019,5.1125
17/05/2019,4.92
16/05/2019,4.845
15/05/2019,5.01
14/05/2019,4.9925
13/05/2019,5.165
10/05/2019,5
09/05/2019,5.32
08/05/2019,5.275
07/05/2019,5.32
06/05/2019,5.305
03/05/2019,4.84
02/05/2019,4.83
01/05/2019,5.16
30/04/2019,5.27
29/04/2019,5.345
26/04/2019,5.2525
25/04/2019,5.53
24/04/2019,5.6875
23/04/2019,4.795
22/04/2019,4.5225
19/04/2019,4.43
18/04/2019,4.3725
17/04/2019,4.485
16/04/2019,4.5
15/04/2019,4.555
12/04/2019,4.495
11/04/2019,4.315
10/04/2019,4.78
09/04/2019,4.9575
08/04/2019,4.9625
05/04/2019,4.9
04/04/2019,5.265
03/04/2019,5.385
02/04/2019,5.435
01/04/2019,5.24
29/03/2019,5.405
28/03/2019,5.855
27/03/2019,5.905
26/03/2019,5.7
25/03/2019,5.7025
22/03/2019,5.635
21/03/2019,5.76
20/03/2019,5.2625
19/03/2019,5.1375
18/03/2019,5.095
15/03/2019,5.1575
14/03/2019,5.3125
13/03/2019,5.6
12/03/2019,5.7275
11/03/2019,5.725
08/03/2019,5.7525
07/03/2019,6.08
06/03/2019,5.865
05/03/2019,5.715
04/03/2019,5.745
01/03/2019,5.51
28/02/2019,5.59
27/02/2019,5.6875
26/02/2019,5.53
25/02/2019,5.6575
22/02/2019,5.915
21/02/2019,6.175
20/02/2019,6.0925
19/02/2019,6.12
18/02/2019,6.2425
15/02/2019,6.355
14/02/2019,6.335
13/02/2019,6.15
12/02/2019,6.0225
11/02/2019,6.1425
08/02/2019,6.01
07/02/2019,5.995
06/02/2019,5.7775
05/02/2019,5.67
04/02/2019,5.595
01/02/2019,5.7475
31/01/2019,6.02
30/01/2019,6.195
29/01/2019,6.2675
28/01/2019,6.255
25/01/2019,6.0475
24/01/2019,6.335
23/01/2019,6.4625
22/01/2019,6.495
21/01/2019,6.445
18/01/2019,6.295
17/01/2019,6.3675
16/01/2019,6.6875
15/01/2019,6.93
14/01/2019,6.7575
11/01/2019,6.5375
10/01/2019,6.615
09/01/2019,6.9775
08/01/2019,6.76
07/01/2019,6.8125
04/01/2019,6.86
03/01/2019,7.365
02/01/2019,7.4025
01/01/2019,7.28
31/12/2018,7.2175
28/12/2018,7.2625
27/12/2018,7.0875
26/12/2018,7.1875
25/12/2018,7.095
24/12/2018,7.06
21/12/2018,6.7325
20/12/2018,6.505
19/12/2018,6.375
18/12/2018,6.7
17/12/2018,6.51
14/12/2018,6.46
13/12/2018,6.3225
12/12/2018,6.9425
11/12/2018,7.145
10/12/2018,7.04
07/12/2018,6.805
06/12/2018,6.995
05/12/2018,6.8875
04/12/2018,6.96
03/12/2018,6.77
30/11/2018,6.945
29/11/2018,7.0025
28/11/2018,7.2375
27/11/2018,7.215
26/11/2018,7.1625
23/11/2018,7.595
22/11/2018,7.5475
21/11/2018,7.69
20/11/2018,7.785
19/11/2018,7.41
16/11/2018,7.5025
15/11/2018,8.085
14/11/2018,8.0675
13/11/2018,7.96
12/11/2018,7.565
09/11/2018,6.945
08/11/2018,6.825
07/11/2018,6.79
06/11/2018,7.29
05/11/2018,7.1375
02/11/2018,6.9225
01/11/2018,7.18
31/10/2018,7.26
30/10/2018,7.17
29/10/2018,7.145
26/10/2018,7.2
25/10/2018,7.095
24/10/2018,7.43
23/10/2018,6.99
22/10/2018,6.995
19/10/2018,6.8825
18/10/2018,7.175
17/10/2018,6.9675
16/10/2018,6.825
15/10/2018,7.07
12/10/2018,7.115
11/10/2018,7.2275
10/10/2018,7.42
09/10/2018,7.65
08/10/2018,7.625
05/10/2018,7.16
04/10/2018,7.4175
03/10/2018,7.3775
02/10/2018,7.1575
01/10/2018,6.975
28/09/2018,6.86
27/09/2018,6.775
26/09/2018,6.525
25/09/2018,6.8975
24/09/2018,6.775
21/09/2018,6.625
20/09/2018,6.64
19/09/2018,6.6725
18/09/2018,6.6375
17/09/2018,6.5625
14/09/2018,6.495
13/09/2018,6.4725
12/09/2018,6.855
11/09/2018,7.19
10/09/2018,7.1625
07/09/2018,7.15
06/09/2018,7.0225
05/09/2018,7.395
04/09/2018,7.75
03/09/2018,7.5225
31/08/2018,7.415
30/08/2018,7.09
29/08/2018,6.86
28/08/2018,6.7375
27/08/2018,7.0075
24/08/2018,7.1075
23/08/2018,7.5675
22/08/2018,7.385
21/08/2018,7.345
20/08/2018,7.3175
17/08/2018,7.2425
16/08/2018,7.42
15/08/2018,7.9725
14/08/2018,8.0475
13/08/2018,7.9025
10/08/2018,7.815
09/08/2018,6.505
08/08/2018,6.265
07/08/2018,6.3475
06/08/2018,6.8
03/08/2018,6.47
02/08/2018,6.315
01/08/2018,6.0525
31/07/2018,6.2325
30/07/2018,6.23
27/07/2018,6.21
26/07/2018,6.26
25/07/2018,6.4825
24/07/2018,6.53
23/07/2018,6.68
20/07/2018,6.5975
19/07/2018,6.7725
18/07/2018,6.69
17/07/2018,6.5675
16/07/2018,6.5975
13/07/2018,6.685
12/07/2018,6.5875
11/07/2018,6.805
10/07/2018,6.455
09/07/2018,6.3975
06/07/2018,6.41
05/07/2018,6.92
04/07/2018,7.1
03/07/2018,7.275
02/07/2018,7.5125
29/06/2018,7.08
28/06/2018,7.6275
27/06/2018,7.595
26/06/2018,7.48
25/06/2018,7.3125
22/06/2018,7.2875
21/06/2018,7.5725
20/06/2018,7.44
19/06/2018,7.74
18/06/2018,7.565
15/06/2018,7.2
14/06/2018,7.385
13/06/2018,7.29
12/06/2018,7.62
11/06/2018,7.6225
08/06/2018,7.635
07/06/2018,7.445
06/06/2018,7.57
05/06/2018,7.3025
04/06/2018,7.0825
01/06/2018,7.2125
31/05/2018,7.525
30/05/2018,8.0475
29/05/2018,8.7075
28/05/2018,7.665
25/05/2018,7.25
24/05/2018,7.1325
23/05/2018,7.885
22/05/2018,7.575
21/05/2018,7.7125
18/05/2018,7.2725
17/05/2018,7.3175
16/05/2018,7.705
15/05/2018,7.2525
14/05/2018,6.885
11/05/2018,6.2775
10/05/2018,6.6
09/05/2018,7.0175
08/05/2018,7.105
07/05/2018,6.835
04/05/2018,6.665
03/05/2018,6.795
02/05/2018,6.9875
01/05/2018,6.92
30/04/2018,6.3725
27/04/2018,6.3475
26/04/2018,6.7125
25/04/2018,6.88
24/04/2018,6.68
23/04/2018,6.6975
20/04/2018,6.15
19/04/2018,5.9825
18/04/2018,6.0975
17/04/2018,6.105
16/04/2018,6.085
13/04/2018,5.98
12/04/2018,6.14
11/04/2018,6.2925
10/04/2018,6.305
09/04/2018,6.2775
06/04/2018,6.19
05/04/2018,6.46
04/04/2018,6.775
03/04/2018,6.875
02/04/2018,6.755
30/03/2018,6.5475
29/03/2018,6.6175
28/03/2018,6.705
27/03/2018,6.72
26/03/2018,6.705
23/03/2018,6.4875
22/03/2018,6.43
21/03/2018,6.4625
20/03/2018,6.7875
19/03/2018,6.88
16/03/2018,6.6725
15/03/2018,6.3
14/03/2018,6.48
13/03/2018,6.6225
12/03/2018,6.67
09/03/2018,6.795
08/03/2018,7.085
07/03/2018,7.4025
06/03/2018,7.38
05/03/2018,7.4575
02/03/2018,7.8725
01/03/2018,7.89
28/02/2018,8.01
27/02/2018,7.89
26/02/2018,7.79
23/02/2018,8.34
22/02/2018,8.4375
21/02/2018,8.4775
20/02/2018,8.71
19/02/2018,8.4
16/02/2018,8.7875
15/02/2018,8.845
14/02/2018,8.7725
13/02/2018,8.5975
12/02/2018,8.895
09/02/2018,9.4
08/02/2018,9.4375
07/02/2018,8.4625
06/02/2018,8.8075
05/02/2018,8.42
02/02/2018,7.64
01/02/2018,7.605
31/01/2018,7.4525
30/01/2018,7.99
29/01/2018,7.875
26/01/2018,7.7125
25/01/2018,7.69
24/01/2018,7.875
23/01/2018,7.1125
22/01/2018,7.2375
19/01/2018,7.6
18/01/2018,7.44
17/01/2018,7.3225
16/01/2018,6.995
15/01/2018,7.62
12/01/2018,6.975
11/01/2018,6.2925
10/01/2018,5.985
09/01/2018,5.725
08/01/2018,5.79
05/01/2018,5.925
04/01/2018,6.1475
03/01/2018,6.385
02/01/2018,6.585
01/01/2018,6.545
29/12/2017,6.3325
28/12/2017,5.9575
27/12/2017,5.7075
26/12/2017,5.7075
25/12/2017,5.7825
22/12/2017,5.615
21/12/2017,5.795
20/12/2017,5.605
19/12/2017,5.4725
18/12/2017,5.255
15/12/2017,5.1525
14/12/2017,5.335
13/12/2017,5.8375
12/12/2017,5.98
11/12/2017,5.97
08/12/2017,6.0775
07/12/2017,6.285
06/12/2017,6.475
05/12/2017,6.5325
04/12/2017,6.675
01/12/2017,6.74
30/11/2017,6.5825
29/11/2017,6.8075
28/11/2017,6.79
27/11/2017,6.9725
24/11/2017,6.9725
23/11/2017,6.675
22/11/2017,6.6725
21/11/2017,6.72
20/11/2017,6.92
17/11/2017,6.7
16/11/2017,6.59
15/11/2017,7.325
14/11/2017,7.15
13/11/2017,5.78
10/11/2017,5.68
09/11/2017,5.7225
08/11/2017,5.5175
07/11/2017,5.5525
06/11/2017,5.5175
03/11/2017,5.625
02/11/2017,5.995
01/11/2017,6.005
31/10/2017,6.0475
30/10/2017,6.37
27/10/2017,6.44
26/10/2017,6.46
25/10/2017,6.7975
24/10/2017,6.73
23/10/2017,6.98
20/10/2017,6.975
19/10/2017,6.935
18/10/2017,6.915
17/10/2017,6.985
16/10/2017,7.165
13/10/2017,7.1225
12/10/2017,7.32
11/10/2017,7.4925
10/10/2017,7.375
09/10/2017,7
06/10/2017,7.055
05/10/2017,7.1975
04/10/2017,7.4625
03/10/2017,7.43
02/10/2017,7.705
29/09/2017,7.4975
28/09/2017,7.845
27/09/2017,8.1525
26/09/2017,8.2075
25/09/2017,7.685
22/09/2017,7.5375
21/09/2017,7.33
20/09/2017,7.575
19/09/2017,7.785
18/09/2017,7.7175
15/09/2017,7.6
14/09/2017,7.735
13/09/2017,7.9325
12/09/2017,7.76
11/09/2017,7.8075
08/09/2017,8.1575
07/09/2017,8.19
06/09/2017,8.64
05/09/2017,8.5225
04/09/2017,8.26
01/09/2017,7.995
31/08/2017,8.23
30/08/2017,8.2375
29/08/2017,8.325
28/08/2017,7.8425
25/08/2017,7.7125
24/08/2017,7.8275
23/08/2017,8.13
22/08/2017,8.1025
21/08/2017,8.1725
18/08/2017,7.7025
17/08/2017,7.76
16/08/2017,7.8425
15/08/2017,8.1
14/08/2017,8.05
11/08/2017,8.1225
10/08/2017,8.295
09/08/2017,8.395
08/08/2017,7.9625
07/08/2017,8.0275
04/08/2017,7.6075
03/08/2017,7.9375
02/08/2017,7.895
01/08/2017,7.705
31/07/2017,7.505
28/07/2017,7.3825
27/07/2017,7.385
26/07/2017,6.915
25/07/2017,6.92
24/07/2017,6.7075
21/07/2017,6.6
20/07/2017,6.7325
19/07/2017,6.9175
18/07/2017,6.98
17/07/2017,6.335
14/07/2017,6.17
13/07/2017,6.325
12/07/2017,6.6075
11/07/2017,6.5775
10/07/2017,6.4425
07/07/2017,6.78
06/07/2017,6.69
05/07/2017,6.83
04/07/2017,6.695
03/07/2017,6.6725
30/06/2017,6.755
29/06/2017,7.11
28/06/2017,7.205
27/06/2017,6.3975
26/06/2017,5.6725
23/06/2017,5.695
22/06/2017,5.745
21/06/2017,5.9925
20/06/2017,5.9775
19/06/2017,5.725
16/06/2017,5.7775
15/06/2017,5.9475
14/06/2017,5.98
13/06/2017,6.04
12/06/2017,6.06
09/06/2017,6.2225
08/06/2017,6.6525
07/06/2017,7.1275
06/06/2017,6.9
05/06/2017,6.855
02/06/2017,6.8
01/06/2017,6.85
31/05/2017,7.1925
30/05/2017,7.3625
29/05/2017,7.4425
26/05/2017,7.24
25/05/2017,7.1
24/05/2017,7.68
23/05/2017,7.82
22/05/2017,7.81
19/05/2017,7.8275
18/05/2017,7.885
17/05/2017,8.1325
16/05/2017,7.59
15/05/2017,7.3475
12/05/2017,6.7225
11/05/2017,6.8375
10/05/2017,7.0775
09/05/2017,7.055
08/05/2017,7.3875
05/05/2017,7.72
04/05/2017,7.7025
03/05/2017,7.47
02/05/2017,7.6975
01/05/2017,7.905
28/04/2017,7.82
27/04/2017,7.93
26/04/2017,8.485
25/04/2017,8.6025
24/04/2017,8.3475
21/04/2017,13.0125
20/04/2017,12.61
19/04/2017,12.65
18/04/2017,12.91
17/04/2017,13.4575
14/04/2017,12.9475
13/04/2017,12.8925
12/04/2017,12.89
11/04/2017,12.665
10/04/2017,12.4625
07/04/2017,12.245
06/04/2017,11.885
05/04/2017,8.7375
04/04/2017,8.7675
03/04/2017,8.4
31/03/2017,8.385
30/03/2017,8.4825
29/03/2017,8.4625
28/03/2017,8.4
27/03/2017,8.44
24/03/2017,8.18
23/03/2017,8.315
22/03/2017,7.275
21/03/2017,7.1975
20/03/2017,7.3075
17/03/2017,6.84
16/03/2017,6.555
15/03/2017,6.79
14/03/2017,7.03
13/03/2017,7.16
10/03/2017,7.285
09/03/2017,7.175
08/03/2017,7.365
07/03/2017,7.24
06/03/2017,7.2625
03/03/2017,7.3175
02/03/2017,7.9775
01/03/2017,8.1
28/02/2017,7.9475
27/02/2017,8.2875
24/02/2017,8.1575
23/02/2017,8.7525
22/02/2017,8.8275
21/02/2017,8.91
20/02/2017,8.2825
17/02/2017,8.4525
16/02/2017,8.3525
15/02/2017,7.7375
14/02/2017,7.8375
13/02/2017,8.06
10/02/2017,8.0625
09/02/2017,7.94
08/02/2017,7.885
07/02/2017,7.91
06/02/2017,7.8075
03/02/2017,7.6925
02/02/2017,7.8925
01/02/2017,7.9625
31/01/2017,8.22
30/01/2017,8.49
27/01/2017,8.0475
26/01/2017,8.25
25/01/2017,7.8925
24/01/2017,8.18
23/01/2017,8.565
20/01/2017,8.645
19/01/2017,8.895
18/01/2017,9.01
17/01/2017,9.285
16/01/2017,9.6625
13/01/2017,9.25
12/01/2017,9.56
11/01/2017,10.115
10/01/2017,9.85
09/01/2017,10.065
06/01/2017,9.615
05/01/2017,10.405
04/01/2017,10.41
03/01/2017,10.925
02/01/2017,10.8975
30/12/2016,10.3125
29/12/2016,10.1725
28/12/2016,10.84
27/12/2016,10.6075
26/12/2016,10.4225
23/12/2016,10.1975
22/12/2016,9.83
21/12/2016,10.015
20/12/2016,10.475
19/12/2016,10.61
16/12/2016,9.995
15/12/2016,9.97
14/12/2016,9.4
13/12/2016,9.205
12/12/2016,9.5575
09/12/2016,9.465
08/12/2016,9.005
07/12/2016,9.345
06/12/2016,9.655
05/12/2016,9.7325
02/12/2016,10.7375
01/12/2016,11.0325
30/11/2016,11.7425
29/11/2016,10.7525
28/11/2016,10.435
25/11/2016,9.9975
24/11/2016,10.705
23/11/2016,11.17
22/11/2016,10.4375
21/11/2016,10.955
18/11/2016,11.33
17/11/2016,10.2975
16/11/2016,10.7275
15/11/2016,10.1
14/11/2016,10.2675
11/11/2016,9.2425
10/11/2016,8.83
09/11/2016,8.8975
08/11/2016,8.93
07/11/2016,8.4025
04/11/2016,9.645
03/11/2016,8.77
02/11/2016,8.5625
01/11/2016,7.77
31/10/2016,7.2725
28/10/2016,7.0825
27/10/2016,6.8925
26/10/2016,7.1425
25/10/2016,7.2175
24/10/2016,7.1625
21/10/2016,7.2975
20/10/2016,7.1025
19/10/2016,7.3425
18/10/2016,7.5675
17/10/2016,7.75
14/10/2016,7.5825
13/10/2016,7.73
12/10/2016,8.6675
11/10/2016,8.485
10/10/2016,7.715
07/10/2016,8.07
06/10/2016,7.9475
05/10/2016,7.0025
04/10/2016,7.2275
03/10/2016,6.8775
30/09/2016,6.815
29/09/2016,6.6975
28/09/2016,6.69
27/09/2016,6.6
26/09/2016,6.535
23/09/2016,6.2575
22/09/2016,6.32
21/09/2016,7.0525
20/09/2016,7.095
19/09/2016,7.105
16/09/2016,6.97
15/09/2016,6.87
14/09/2016,7.3075
13/09/2016,7.1875
12/09/2016,7.455
09/09/2016,7.19
08/09/2016,6.9475
07/09/2016,7.295
06/09/2016,7.5725
05/09/2016,7.5225
02/09/2016,7.4525
01/09/2016,7.96
31/08/2016,8.245
30/08/2016,8.2325
29/08/2016,8.11
26/08/2016,7.71
25/08/2016,7.845
24/08/2016,8.1775
23/08/2016,7.8525
22/08/2016,7.9
19/08/2016,7.2425
18/08/2016,7.2025
17/08/2016,7.33
16/08/2016,7.36
15/08/2016,6.855
12/08/2016,6.735
11/08/2016,6.9275
10/08/2016,7.15
09/08/2016,7.08
08/08/2016,7.315
05/08/2016,6.8325
04/08/2016,7.0425
03/08/2016,7.055
02/08/2016,7.14
01/08/2016,7.0025
29/07/2016,7.11
28/07/2016,7.0975
27/07/2016,7.2425
26/07/2016,7.6925
25/07/2016,7.9925
22/07/2016,7.9625
21/07/2016,7.9775
20/07/2016,8.435
19/07/2016,8.53
18/07/2016,8.1975
15/07/2016,8.155
14/07/2016,7.9925
13/07/2016,8.4325
12/07/2016,8.6025
11/07/2016,8.9175
08/07/2016,8.9175
07/07/2016,9.32
06/07/2016,9.725
05/07/2016,9.825
04/07/2016,9.235
01/07/2016,9.2125
30/06/2016,9.6275
29/06/2016,9.775
28/06/2016,10.55
27/06/2016,12.24
24/06/2016,12.28
23/06/2016,10.48
22/06/2016,11.955
21/06/2016,11.19
20/06/2016,10.9175
17/06/2016,11.9125
16/06/2016,12.27
15/06/2016,11.9175
14/06/2016,13.465
13/06/2016,12.49
10/06/2016,12.0425
09/06/2016,10.61
08/06/2016,9.7075
07/06/2016,9.4375
06/06/2016,9.4975
03/06/2016,8.88
02/06/2016,9.395
01/06/2016,10.105
31/05/2016,9.6675
30/05/2016,9.4
27/05/2016,9.0225
26/05/2016,9.0225
25/05/2016,8.665
24/05/2016,8.86
23/05/2016,8.83
20/05/2016,8.815
19/05/2016,9.015
18/05/2016,9.06
17/05/2016,8.545
16/05/2016,8.82
13/05/2016,8.01
12/05/2016,7.715
11/05/2016,7.9425
10/05/2016,8.17
09/05/2016,8.485
06/05/2016,8.565
05/05/2016,9.2325
04/05/2016,9.085
03/05/2016,9.1625
02/05/2016,8.95
29/04/2016,7.65
28/04/2016,7.315
27/04/2016,7.7025
26/04/2016,7.7825
25/04/2016,7.87
22/04/2016,7.6825
21/04/2016,7.7075
20/04/2016,8.105
19/04/2016,8.125
18/04/2016,8.3025
15/04/2016,8.3675
14/04/2016,8.5825
13/04/2016,8.9375
12/04/2016,8.985
11/04/2016,9.1225
08/04/2016,8.9875
07/04/2016,9.4275
06/04/2016,9.135
05/04/2016,8.9625
04/04/2016,8.715
01/04/2016,8.61
31/03/2016,8.8525
30/03/2016,8.74
29/03/2016,8.705
28/03/2016,9.1675
25/03/2016,8.805
24/03/2016,8.8225
23/03/2016,8.9225
22/03/2016,8.98
21/03/2016,9
18/03/2016,8.37
17/03/2016,8.655
16/03/2016,8.9575
15/03/2016,9.355
14/03/2016,9.28
11/03/2016,9.765
10/03/2016,10.5175
09/03/2016,11.73
08/03/2016,11.5375
07/03/2016,11.5825
04/03/2016,11.1175
03/03/2016,11.2775
02/03/2016,11.31
01/03/2016,11.5275
29/02/2016,11.865
26/02/2016,11.35
25/02/2016,11.185
24/02/2016,12.095
23/02/2016,11.815
22/02/2016,12.12
19/02/2016,11.7475
18/02/2016,12.04
17/02/2016,12.0375
16/02/2016,11.775
15/02/2016,11.6625
12/02/2016,11.7725
11/02/2016,12.4275
10/02/2016,12.245
09/02/2016,10.7725
08/02/2016,10.645
05/02/2016,9.18
04/02/2016,9.9275
03/02/2016,9.58
02/02/2016,8.4925
01/02/2016,8.5175
29/01/2016,8.7725
28/01/2016,8.78
27/01/2016,8.77
26/01/2016,8.8625
25/01/2016,9.075
22/01/2016,8.91
21/01/2016,9.43
20/01/2016,9.8675
19/01/2016,9.6325
18/01/2016,9.875
15/01/2016,9.9075
14/01/2016,9.56
13/01/2016,9.6875
12/01/2016,10.135
11/01/2016,10.52
08/01/2016,10.205
07/01/2016,10.5625
06/01/2016,10.13
05/01/2016,10.1575
04/01/2016,10.215
01/01/2016,9.6925
31/12/2015,9.655
30/12/2015,9.65
29/12/2015,9.745
28/12/2015,9.775
25/12/2015,9.4675
24/12/2015,9.445
23/12/2015,9.405
22/12/2015,9.38
21/12/2015,9.45
18/12/2015,8.74
17/12/2015,9.01
16/12/2015,8.9825
15/12/2015,10.15
14/12/2015,10.2
11/12/2015,9.78
10/12/2015,9.875
09/12/2015,9.92
08/12/2015,9.7225
07/12/2015,9.885
04/12/2015,9.895
03/12/2015,10.67
02/12/2015,13.03
01/12/2015,13.215
30/11/2015,12.7725
27/11/2015,12.5725
26/11/2015,12.72
25/11/2015,13.6425
24/11/2015,13.4
23/11/2015,13.27
20/11/2015,12.735
19/11/2015,12.8425
18/11/2015,13.2775
17/11/2015,13.47
16/11/2015,11.9425
13/11/2015,11.5425
12/11/2015,11.695
11/11/2015,11.87
10/11/2015,11.87
09/11/2015,11.595
06/11/2015,11.6325
05/11/2015,11.9
04/11/2015,12.24
03/11/2015,11.5975
02/11/2015,9.965
30/10/2015,9.585
29/10/2015,9.8
28/10/2015,10.4275
27/10/2015,9.8275
26/10/2015,10.51
23/10/2015,11.0325
22/10/2015,9.725
21/10/2015,9.3975
20/10/2015,9.48
19/10/2015,9.685
16/10/2015,9.1725
15/10/2015,9.2825
14/10/2015,9.135
13/10/2015,9.2625
12/10/2015,9.2775
09/10/2015,9.31
08/10/2015,9.465
07/10/2015,9.4025
06/10/2015,9.56
05/10/2015,9.6725
02/10/2015,9.7475
01/10/2015,10.16
30/09/2015,10.625
29/09/2015,10.925
28/09/2015,10.5275
25/09/2015,10.5475
24/09/2015,10.3775
23/09/2015,10.72
22/09/2015,11.005
21/09/2015,10.265
18/09/2015,9.97
17/09/2015,10.5475
16/09/2015,11.26
15/09/2015,11.335
14/09/2015,11.555
11/09/2015,11.2475
10/09/2015,11.34
09/09/2015,11.5075
08/09/2015,11.785
07/09/2015,11.91
04/09/2015,11.59
03/09/2015,11.775
02/09/2015,12.075
01/09/2015,12.565
31/08/2015,12.335
28/08/2015,11.73
27/08/2015,12.19
26/08/2015,12.7225
25/08/2015,12.0925
24/08/2015,12.2975
21/08/2015,10.2725
20/08/2015,9.825
19/08/2015,9.455
18/08/2015,9.735
17/08/2015,9.6325
14/08/2015,9.33
13/08/2015,9.5875
12/08/2015,10.245
11/08/2015,10.175
10/08/2015,9.745
07/08/2015,10.0775
06/08/2015,10.52
05/08/2015,10.98
04/08/2015,10.5525
03/08/2015,10.67
31/07/2015,9.985
30/07/2015,10.02
29/07/2015,9.825
28/07/2015,10.3
27/07/2015,10.6075
24/07/2015,10.3775
23/07/2015,10.345
22/07/2015,10.385
21/07/2015,9.97
20/07/2015,9.9425
17/07/2015,9.745
16/07/2015,10.67
15/07/2015,11.1475
14/07/2015,11.6625
13/07/2015,11.76
10/07/2015,12.055
09/07/2015,12.98
08/07/2015,13.41
07/07/2015,13.14
06/07/2015,12.7175
03/07/2015,12.7275
02/07/2015,12.05
01/07/2015,12.795
30/06/2015,13.4875
29/06/2015,13.455
26/06/2015,11.7825
25/06/2015,11.2775
24/06/2015,11.415
23/06/2015,11.9775
22/06/2015,11.9475
19/06/2015,12.51
18/06/2015,11.6625
17/06/2015,12.0725
16/06/2015,13.44
15/06/2015,14.05
12/06/2015,13.6875
11/06/2015,13.24
10/06/2015,13.9025
09/06/2015,13.5975
08/06/2015,13.355
05/06/2015,13.0325
04/06/2015,12.855
03/06/2015,12.895
02/06/2015,13.0025
01/06/2015,12.6725
29/05/2015,11.8325
28/05/2015,12.1275
27/05/2015,12.6875
26/05/2015,13.28
25/05/2015,13.1625
22/05/2015,12.5675
21/05/2015,11.9775
20/05/2015,12.7875
19/05/2015,12.995
18/05/2015,11.785
15/05/2015,10.925
14/05/2015,11.0225
13/05/2015,10.705
12/05/2015,11.25
11/05/2015,11.44
08/05/2015,11.295
07/05/2015,12.825
06/05/2015,12.765
05/05/2015,12.555
04/05/2015,12.91
01/05/2015,12.65
30/04/2015,12.025
29/04/2015,11.09
28/04/2015,11.165
27/04/2015,11.935
24/04/2015,11.91
23/04/2015,11.9125
22/04/2015,12.385
21/04/2015,12.505
20/04/2015,12.39
17/04/2015,11.97
16/04/2015,12.06
15/04/2015,11.69
14/04/2015,11.78
13/04/2015,12.1
10/04/2015,11.58
09/04/2015,11.095
08/04/2015,10.685
07/04/2015,11.255
06/04/2015,10.915
03/04/2015,11.195
02/04/2015,12.185
01/04/2015,12.245
31/03/2015,12.8175
30/03/2015,12.845
27/03/2015,12.065
26/03/2015,11.86
25/03/2015,11.5125
24/03/2015,12.2725
23/03/2015,12.9875
20/03/2015,12.19
19/03/2015,12.5
18/03/2015,12.17
17/03/2015,12.685
16/03/2015,12.8575
13/03/2015,13.125
12/03/2015,12.27
11/03/2015,12.93
10/03/2015,11.4275
09/03/2015,10.055
06/03/2015,9.9475
05/03/2015,9.77
04/03/2015,10.17
03/03/2015,9.475
02/03/2015,9.5275
27/02/2015,9.285
26/02/2015,9.12
25/02/2015,8.43
24/02/2015,9.675
23/02/2015,10.335
20/02/2015,11.295
19/02/2015,11.09
18/02/2015,10.78
17/02/2015,10.975
16/02/2015,10.6075
13/02/2015,10.925
12/02/2015,11.7175
11/02/2015,12.245
10/02/2015,12.495
09/02/2015,12.62
06/02/2015,12.1275
05/02/2015,12.08
04/02/2015,11.3825
03/02/2015,11.04
02/02/2015,11.4025
30/01/2015,11.6875
29/01/2015,11.67
28/01/2015,12.1525
27/01/2015,12.505
26/01/2015,12.6
23/01/2015,12.8
22/01/2015,11.63
21/01/2015,12.72
20/01/2015,12.49
19/01/2015,12.245
16/01/2015,13.135
15/01/2015,12.8075
14/01/2015,10.13
13/01/2015,9.92
12/01/2015,9.63
09/01/2015,9.4975
08/01/2015,10.0325
07/01/2015,10.21
06/01/2015,9.74
05/01/2015,9.805
02/01/2015,9.5975
01/01/2015,9.5725
31/12/2014,9.545
30/12/2014,9.8575
29/12/2014,9.4825
26/12/2014,9.335
25/12/2014,9.335
24/12/2014,9.3475
23/12/2014,9.46
22/12/2014,9.35
19/12/2014,8.235
18/12/2014,8.8875
17/12/2014,8.5225
16/12/2014,8.4075
15/12/2014,8.4225
12/12/2014,8.39
11/12/2014,8.51
10/12/2014,8.22
09/12/2014,8.0475
08/12/2014,7.73
05/12/2014,7.55
04/12/2014,7.64
03/12/2014,8.965
02/12/2014,8.8525
01/12/2014,8.4075
28/11/2014,8.22
27/11/2014,7.9775
26/11/2014,8.23
25/11/2014,8.2875
24/11/2014,8.835
21/11/2014,8.5475
20/11/2014,7.99
19/11/2014,8.07
18/11/2014,8.2475
17/11/2014,8.0525
14/11/2014,7.9475
13/11/2014,7.5775
12/11/2014,7.91
11/11/2014,7.7325
10/11/2014,7.65
07/11/2014,7.805
06/11/2014,8.595
05/11/2014,8.7525
04/11/2014,8.27
03/11/2014,7.905
31/10/2014,7.3275
30/10/2014,6.6175
29/10/2014,6.4825
28/10/2014,6.615
27/10/2014,7.0325
24/10/2014,7.1775
23/10/2014,7.29
22/10/2014,7.665
21/10/2014,7.755
20/10/2014,7.565
17/10/2014,7.71
16/10/2014,7.93
15/10/2014,7.755
14/10/2014,6.9825
13/10/2014,6.9775
10/10/2014,7.2525
09/10/2014,7
08/10/2014,7.015
07/10/2014,7.49
06/10/2014,7.1025
03/10/2014,6.85
02/10/2014,6.3625
01/10/2014,7.045
30/09/2014,6.9775
29/09/2014,6.9075
26/09/2014,6.88
25/09/2014,6.83
24/09/2014,6.505
23/09/2014,6.3375
22/09/2014,6.325
19/09/2014,6.29
18/09/2014,6.47
17/09/2014,6.855
16/09/2014,7.3125
15/09/2014,7.49
12/09/2014,7.1775
11/09/2014,7.1775
10/09/2014,7.615
09/09/2014,7.455
08/09/2014,6.615
05/09/2014,6.2375
04/09/2014,6.4975
03/09/2014,6.1425
02/09/2014,6.3575
01/09/2014,5.87
29/08/2014,5.4825
28/08/2014,5.715
27/08/2014,5.8575
26/08/2014,5.625
25/08/2014,5.5325
22/08/2014,4.925
21/08/2014,5.155
20/08/2014,5.2325
19/08/2014,5.085
18/08/2014,4.9325
15/08/2014,4.7
14/08/2014,4.545
13/08/2014,4.755
12/08/2014,4.7875
11/08/2014,4.77
08/08/2014,4.7625
07/08/2014,4.6025
06/08/2014,4.52
05/08/2014,4.4825
04/08/2014,4.325
01/08/2014,4.165
31/07/2014,4.605
30/07/2014,4.92
29/07/2014,4.6625
28/07/2014,4.53
25/07/2014,4.4525
24/07/2014,4.62
23/07/2014,4.71
22/07/2014,4.905
21/07/2014,4.61
18/07/2014,4.47
17/07/2014,4.56
16/07/2014,4.695
15/07/2014,4.45
14/07/2014,4.3825
11/07/2014,4.4475
10/07/2014,4.555
09/07/2014,4.585
08/07/2014,4.5575
07/07/2014,4.555
04/07/2014,4.2875
03/07/2014,4.1775
02/07/2014,4.32
01/07/2014,4.375
30/06/2014,4.425
27/06/2014,4.425
26/06/2014,4.5575
25/06/2014,4.595
24/06/2014,4.7125
23/06/2014,4.79
20/06/2014,4.705
19/06/2014,4.6075
18/06/2014,5.0125
17/06/2014,5.2475
16/06/2014,5.225
13/06/2014,5.1475
12/06/2014,5.21
11/06/2014,5.4625
10/06/2014,5.355
09/06/2014,5.2625
06/06/2014,4.95
05/06/2014,5.8875
04/06/2014,7.2125
03/06/2014,6.47
02/06/2014,6.3575
30/05/2014,5.83
29/05/2014,6.005
28/05/2014,6.205
27/05/2014,6.1475
26/05/2014,6.155
23/05/2014,6.025
22/05/2014,5.9025
21/05/2014,6.025
20/05/2014,5.8575
19/05/2014,5.7925
16/05/2014,5.7475
15/05/2014,6.0425
14/05/2014,5.7875
13/05/2014,5.8575
12/05/2014,5.65
09/05/2014,5.6475
08/05/2014,5.3575
07/05/2014,5.4075
06/05/2014,5.235
05/05/2014,5.2075
02/05/2014,5.0125
01/05/2014,5.06
30/04/2014,5.085
29/04/2014,5.4925
28/04/2014,5.43
25/04/2014,5.085
24/04/2014,5.0975
23/04/2014,5.5725
22/04/2014,5.695
21/04/2014,5.84
18/04/2014,5.5775
17/04/2014,5.5475
16/04/2014,5.6075
15/04/2014,5.9825
14/04/2014,5.8675
11/04/2014,5.4175
10/04/2014,5.405
09/04/2014,5.595
08/04/2014,5.8075
07/04/2014,5.615
04/04/2014,5.7175
03/04/2014,6.05
02/04/2014,6.3825
01/04/2014,6.365
31/03/2014,6.43
28/03/2014,6.37
27/03/2014,6.535
26/03/2014,6.3075
25/03/2014,6.1675
24/03/2014,6.06
21/03/2014,5.9775
20/03/2014,6.2575
19/03/2014,6.355
18/03/2014,6.4525
17/03/2014,6.6025
14/03/2014,6.7075
13/03/2014,6.54
12/03/2014,6.26
11/03/2014,6.2325
10/03/2014,6.3225
07/03/2014,6.2525
06/03/2014,6.5575
05/03/2014,6.89
04/03/2014,6.8875
03/03/2014,7.0775
28/02/2014,6.4425
27/02/2014,6.675
26/02/2014,6.6375
25/02/2014,6.3875
24/02/2014,6.315
21/02/2014,6.2525
20/02/2014,6.5225
19/02/2014,6.1675
18/02/2014,6.2475
17/02/2014,6.335
14/02/2014,6.365
13/02/2014,6.56
12/02/2014,6.575
11/02/2014,6.5025
10/02/2014,6.3775
07/02/2014,6.43
06/02/2014,6.655
05/02/2014,6.8375
04/02/2014,6.89
03/02/2014,7.1125
31/01/2014,7.1875
30/01/2014,6.8725
29/01/2014,6.3925
28/01/2014,6.555
27/01/2014,6.54
24/01/2014,6.55
23/01/2014,6.4525
22/01/2014,6.5175
21/01/2014,6.66
20/01/2014,6.65
17/01/2014,6.5525
16/01/2014,6.295
15/01/2014,6.495
14/01/2014,6.19
13/01/2014,6.33
10/01/2014,6.195
09/01/2014,6.565
08/01/2014,6.92
07/01/2014,6.855
06/01/2014,7.0175
03/01/2014,7.515
02/01/2014,7.74
01/01/2014,7.63
31/12/2013,7.645
30/12/2013,7.71
27/12/2013,7.04
26/12/2013,6.5925
25/12/2013,6.515
24/12/2013,6.545
23/12/2013,6.5075
20/12/2013,6.355
19/12/2013,6.2075
18/12/2013,6.5925
17/12/2013,6.86
16/12/2013,6.98
13/12/2013,6.93
12/12/2013,6.87
11/12/2013,6.56
10/12/2013,6.53
09/12/2013,6.51
06/12/2013,6.185
05/12/2013,6.66
04/12/2013,6.9925
03/12/2013,6.91
02/12/2013,6.9275
29/11/2013,6.745
28/11/2013,6.795
27/11/2013,6.97
26/11/2013,6.845
25/11/2013,7.13
22/11/2013,6.8275
21/11/2013,6.835
20/11/2013,7.09
19/11/2013,6.78
18/11/2013,6.4775
15/11/2013,6.4125
14/11/2013,6.6525
13/11/2013,7.035
12/11/2013,7.08
11/11/2013,7.08
08/11/2013,7.1225
07/11/2013,7.4375
06/11/2013,7.7525
05/11/2013,7.8175
04/11/2013,7.32
01/11/2013,7.3275
31/10/2013,7.14
30/10/2013,6.78
29/10/2013,6.92
28/10/2013,6.7875
25/10/2013,6.71
24/10/2013,6.635
23/10/2013,6.8075
22/10/2013,6.905
21/10/2013,6.9225
18/10/2013,6.68
17/10/2013,6.7275
16/10/2013,6.9425
15/10/2013,6.845
14/10/2013,6.8775
11/10/2013,6.7625
10/10/2013,6.97
09/10/2013,7.45
08/10/2013,7.4925
07/10/2013,7.5825
04/10/2013,7.275
03/10/2013,7.2625
02/10/2013,7.245
01/10/2013,7.5875
30/09/2013,7.3875
27/09/2013,6.7425
26/09/2013,6.78
25/09/2013,6.9825
24/09/2013,7.14
23/09/2013,7.0825
20/09/2013,6.9375
19/09/2013,6.7775
18/09/2013,6.875
17/09/2013,7.3425
16/09/2013,7.38
13/09/2013,7.1825
12/09/2013,7.2125
11/09/2013,7.4775
10/09/2013,7.3275
09/09/2013,7.485
06/09/2013,7.625
05/09/2013,8.155
04/09/2013,8.135
03/09/2013,8.66
02/09/2013,8.585
30/08/2013,8.26
29/08/2013,8.165
28/08/2013,8.21
27/08/2013,8.15
26/08/2013,7.8825
23/08/2013,7.83
22/08/2013,7.9425
21/08/2013,7.9275
20/08/2013,7.8275
19/08/2013,7.695
16/08/2013,7.07
15/08/2013,7.13
14/08/2013,7.22
13/08/2013,7.38
12/08/2013,7.2525
09/08/2013,7.0425
08/08/2013,7.135
07/08/2013,7.2575
06/08/2013,7.3425
05/08/2013,7.45
02/08/2013,7.3
01/08/2013,7.755
31/07/2013,8.18
30/07/2013,8.395
29/07/2013,8.06
26/07/2013,7.6225
25/07/2013,7.795
24/07/2013,7.98
23/07/2013,7.59
22/07/2013,7.5775
19/07/2013,7.855
18/07/2013,8.02
17/07/2013,8.4325
16/07/2013,8.91
15/07/2013,9.16
12/07/2013,8.8975
11/07/2013,9.095
10/07/2013,8.8
09/07/2013,8.795
08/07/2013,8.66
05/07/2013,8.89
04/07/2013,8.945
03/07/2013,9.3575
02/07/2013,9.09
01/07/2013,9.05
28/06/2013,8.67
27/06/2013,8.715
26/06/2013,9.0925
25/06/2013,8.9125
24/06/2013,9.225
21/06/2013,8.7025
20/06/2013,8.535
19/06/2013,8.435
18/06/2013,8.29
17/06/2013,8.035
14/06/2013,8.1925
13/06/2013,8.405
12/06/2013,8.445
11/06/2013,8.3
10/06/2013,8.1825
07/06/2013,8.155
06/06/2013,8.4225
05/06/2013,8.5675
04/06/2013,8.8825
03/06/2013,8.965
31/05/2013,8.7175
30/05/2013,8.6175
29/05/2013,8.75
28/05/2013,8.5725
27/05/2013,8.4475
24/05/2013,8.33
23/05/2013,8.4625
22/05/2013,8.545
21/05/2013,8.45
20/05/2013,8.5525
17/05/2013,8.54
16/05/2013,8.295
15/05/2013,8.7025
14/05/2013,8.2625
13/05/2013,8.1975
10/05/2013,8.17
09/05/2013,7.855
08/05/2013,7.495
07/05/2013,7.7
06/05/2013,7.7325
03/05/2013,7.38
02/05/2013,7.8925
01/05/2013,7.965
30/04/2013,7.9225
29/04/2013,7.9225
26/04/2013,7.9375
25/04/2013,7.925
24/04/2013,8.2575
23/04/2013,8.4125
22/04/2013,8.4475
19/04/2013,8.0775
18/04/2013,8.225
17/04/2013,8.455
16/04/2013,8.0275
15/04/2013,8.26
12/04/2013,7.8125
11/04/2013,7.8175
10/04/2013,8.05
09/04/2013,7.9475
08/04/2013,8.025
05/04/2013,7.9225
04/04/2013,8.26
03/04/2013,8.67
02/04/2013,8.885
01/04/2013,8.905
29/03/2013,8.5375
28/03/2013,8.63
27/03/2013,9.16
26/03/2013,9.235
25/03/2013,9.31
22/03/2013,9.71
21/03/2013,9.045
20/03/2013,8.895
19/03/2013,9.595
18/03/2013,8.8875
15/03/2013,7.825
14/03/2013,7.915
13/03/2013,8.0975
12/03/2013,7.965
11/03/2013,7.9825
08/03/2013,7.9125
07/03/2013,7.9
06/03/2013,8.405
05/03/2013,8.4925
04/03/2013,8.855
01/03/2013,8.82
28/02/2013,8.815
27/02/2013,9.36
26/02/2013,9.9725
25/02/2013,9.8325
22/02/2013,9.22
21/02/2013,9.03
20/02/2013,8.3975
19/02/2013,8.2775
18/02/2013,8.335
15/02/2013,8.2375
14/02/2013,8.2775
13/02/2013,8.0325
12/02/2013,8.135
11/02/2013,8.16
08/02/2013,8.265
07/02/2013,8.605
06/02/2013,8.8625
05/02/2013,8.48
04/02/2013,8.4625
01/02/2013,7.74
31/01/2013,7.5525
30/01/2013,7.7375
29/01/2013,7.475
28/01/2013,7.51
25/01/2013,7.765
24/01/2013,7.94
23/01/2013,7.74
22/01/2013,8.02
21/01/2013,8.36
18/01/2013,8.475
17/01/2013,8.4575
16/01/2013,8.0725
15/01/2013,8.06
14/01/2013,7.75
11/01/2013,7.5325
10/01/2013,7.075
09/01/2013,7.1
08/01/2013,6.975
07/01/2013,7.205
04/01/2013,7.19
03/01/2013,7.4725
02/01/2013,7.515
01/01/2013,8.2725
31/12/2012,8.22
28/12/2012,8.065
27/12/2012,7.91
26/12/2012,7.8975
25/12/2012,7.8625
24/12/2012,7.7825
21/12/2012,7.52
20/12/2012,6.8825
19/12/2012,6.7925
18/12/2012,6.75
17/12/2012,6.765
14/12/2012,6.6925
13/12/2012,6.7075
12/12/2012,6.8125
11/12/2012,6.92
10/12/2012,7.06
07/12/2012,7
06/12/2012,6.9675
05/12/2012,6.8775
04/12/2012,6.9275
03/12/2012,7.045
30/11/2012,6.965
29/11/2012,6.775
28/11/2012,6.8625
27/11/2012,6.8725
26/11/2012,6.915
23/11/2012,7.1925
22/11/2012,7.0225
21/11/2012,6.7875
20/11/2012,6.6775
19/11/2012,6.88
16/11/2012,6.9625
15/11/2012,7.01
14/11/2012,7.16
13/11/2012,7.585
12/11/2012,7.725
09/11/2012,7.795
08/11/2012,7.78
07/11/2012,7.97
06/11/2012,7.875
05/11/2012,7.86
02/11/2012,7.56
01/11/2012,7.53
31/10/2012,7.82
30/10/2012,7.97
29/10/2012,8.145
26/10/2012,7.9425
25/10/2012,7.995
24/10/2012,8.26
23/10/2012,8.3125
22/10/2012,8.24
19/10/2012,8.3175
18/10/2012,8.35
17/10/2012,8.43
16/10/2012,8.36
15/10/2012,8.295
12/10/2012,8.1875
11/10/2012,8.205
10/10/2012,8.515
09/10/2012,8.865
08/10/2012,8.91
05/10/2012,8.5175
04/10/2012,8.675
03/10/2012,8.7525
02/10/2012,8.7475
01/10/2012,8.785
28/09/2012,8.56
27/09/2012,8.6575
26/09/2012,8.795
25/09/2012,8.795
24/09/2012,8.645
21/09/2012,8.405
20/09/2012,8.4675
19/09/2012,8.44
18/09/2012,8.74
17/09/2012,8.7875
14/09/2012,8.705
13/09/2012,8.415
12/09/2012,8.65
11/09/2012,8.71
10/09/2012,8.535
07/09/2012,8.44
06/09/2012,9.1725
05/09/2012,10.005
04/09/2012,9.9675
03/09/2012,9.9175
31/08/2012,9.83
30/08/2012,10.15
29/08/2012,10.045
28/08/2012,9.69
27/08/2012,9.315
24/08/2012,9.08
23/08/2012,9.0475
22/08/2012,9.185
21/08/2012,9.22
20/08/2012,9.265
17/08/2012,9.09
16/08/2012,9.15
15/08/2012,9.33
14/08/2012,9.035
13/08/2012,9.02
10/08/2012,8.8375
09/08/2012,8.9375
08/08/2012,9.1025
07/08/2012,9.015
06/08/2012,9.255
03/08/2012,9.205
02/08/2012,10.325
01/08/2012,10.73
31/07/2012,10.535
30/07/2012,10.525
27/07/2012,10.01
26/07/2012,9.99
25/07/2012,10.495
24/07/2012,10.575
23/07/2012,10.145
20/07/2012,9.235
19/07/2012,9.01
18/07/2012,9.1925
17/07/2012,9.64
16/07/2012,9.69
13/07/2012,9.6325
12/07/2012,10.22
11/07/2012,10.105
10/07/2012,10.105
09/07/2012,10.2575
06/07/2012,10.35
05/07/2012,9.9825
04/07/2012,9.8675
03/07/2012,9.875
02/07/2012,10.075
29/06/2012,9.835
28/06/2012,10.495
27/06/2012,10.305
26/06/2012,10.325
25/06/2012,10.44
22/06/2012,10.25
21/06/2012,10.39
20/06/2012,10.5
19/06/2012,10.985
18/06/2012,11.7725
15/06/2012,12.64
14/06/2012,12.73
13/06/2012,12.8975
12/06/2012,13.11
11/06/2012,12.85
08/06/2012,12.32
07/06/2012,11.875
06/06/2012,12.705
05/06/2012,13.005
04/06/2012,12.8225
01/06/2012,12.745
31/05/2012,12.79
30/05/2012,12.8275
29/05/2012,12.23
28/05/2012,12.1825
25/05/2012,12.35
24/05/2012,12.305
23/05/2012,12.5
22/05/2012,11.085
21/05/2012,11.27
18/05/2012,11.78
17/05/2012,11.09
16/05/2012,10.68
15/05/2012,10.65
14/05/2012,10.3425
11/05/2012,9.29
10/05/2012,9.255
09/05/2012,9.93
08/05/2012,9.595
07/05/2012,9.385
04/05/2012,8.885
03/05/2012,8.76
02/05/2012,9.16
01/05/2012,8.6925
30/04/2012,8.475
27/04/2012,8.325
26/04/2012,8.37
25/04/2012,8.9325
24/04/2012,9.18
23/04/2012,9.255
20/04/2012,8.92
19/04/2012,9.0875
18/04/2012,9.2575
17/04/2012,9.44
16/04/2012,9.765
13/04/2012,9.3275
12/04/2012,9.195
11/04/2012,9.76
10/04/2012,10
09/04/2012,9.635
06/04/2012,9.4325
05/04/2012,9.905
04/04/2012,9.6025
03/04/2012,9.2125
02/04/2012,8.9075
30/03/2012,8.8375
29/03/2012,9.1725
28/03/2012,9.135
27/03/2012,9.115
26/03/2012,9.18
23/03/2012,9.13
22/03/2012,9.3575
21/03/2012,9.245
20/03/2012,9.3425
19/03/2012,9.3425
16/03/2012,9.2725
15/03/2012,9.6475
14/03/2012,10.1075
13/03/2012,9.88
12/03/2012,10.025
09/03/2012,9.9875
08/03/2012,9.8975
07/03/2012,10.43
06/03/2012,10.795
05/03/2012,10.47
02/03/2012,10.585
01/03/2012,10.3325
29/02/2012,10.6775
28/02/2012,10.3125
27/02/2012,10.555
24/02/2012,9.98
23/02/2012,10.1625
22/02/2012,10.475
21/02/2012,10.7925
20/02/2012,11.06
17/02/2012,11.295
16/02/2012,11.555
15/02/2012,11.9175
14/02/2012,11.3475
13/02/2012,10.905
10/02/2012,11.115
09/02/2012,10.99
08/02/2012,11.1725
07/02/2012,11.4875
06/02/2012,11.6525
03/02/2012,11.1
02/02/2012,11.355
01/02/2012,11.565
31/01/2012,11.8775
30/01/2012,11.8625
27/01/2012,11.285
26/01/2012,11.1275
25/01/2012,11.65
24/01/2012,11.6525
23/01/2012,11.5325
20/01/2012,11.28
19/01/2012,11.425
18/01/2012,11.97
17/01/2012,12.0575
16/01/2012,12.235
13/01/2012,12.0825
12/01/2012,11.705
11/01/2012,12.1375
10/01/2012,11.495
09/01/2012,12.065
06/01/2012,12.4625
05/01/2012,12.92
04/01/2012,12.7625
03/01/2012,13.0575
02/01/2012,13.5825
30/12/2011,13.2025
29/12/2011,13.3925
28/12/2011,12.8575
27/12/2011,12.7575
26/12/2011,12.8475
23/12/2011,12.7125
22/12/2011,12.7025
21/12/2011,12.7125
20/12/2011,12.625
19/12/2011,12.7575
16/12/2011,12.5675
15/12/2011,13.54
14/12/2011,15.1125
13/12/2011,14.8525
12/12/2011,14.61
09/12/2011,13.9775
08/12/2011,14.48
07/12/2011,13.935
06/12/2011,13.8375
05/12/2011,13.8675
02/12/2011,14.1075
01/12/2011,14.2825
30/11/2011,15.15
29/11/2011,15.39
28/11/2011,15.38
25/11/2011,15.65
24/11/2011,15.405
23/11/2011,16.155
22/11/2011,15.2825
21/11/2011,15.62
18/11/2011,15.155
17/11/2011,15.4825
16/11/2011,15.8775
15/11/2011,15.8725
14/11/2011,15.5575
11/11/2011,15.115
10/11/2011,16.0825
09/11/2011,16.29
08/11/2011,14.64
07/11/2011,15.265
04/11/2011,14.7675
03/11/2011,15.485
02/11/2011,15.56
01/11/2011,16.1475
31/10/2011,14.085
28/10/2011,13.1825
27/10/2011,13.6025
26/10/2011,15.18
25/10/2011,14.98
24/10/2011,15.35
21/10/2011,15.6225
20/10/2011,15.73
19/10/2011,15.175
18/10/2011,15.03
17/10/2011,14.83
14/10/2011,14.2825
13/10/2011,14.61
12/10/2011,14.61
11/10/2011,15.09
10/10/2011,14.9425
07/10/2011,15.2775
06/10/2011,15.8775
05/10/2011,16.66
04/10/2011,17.17
03/10/2011,17.48
30/09/2011,16.27
29/09/2011,15.8825
28/09/2011,16.56
27/09/2011,16.89
26/09/2011,17.69
23/09/2011,17.615
22/09/2011,17.5475
21/09/2011,16.6075
20/09/2011,15.875
19/09/2011,15.7425
16/09/2011,14.77
15/09/2011,14.295
14/09/2011,15.415
13/09/2011,15.95
12/09/2011,17.06
09/09/2011,16.325
08/09/2011,14.34
07/09/2011,14.57
06/09/2011,15.83
05/09/2011,14.3725
02/09/2011,12.4375
01/09/2011,12.0875
31/08/2011,11.985
30/08/2011,12.3325
29/08/2011,12.53
26/08/2011,12.855
25/08/2011,13.085
24/08/2011,13.1675
23/08/2011,13.155
22/08/2011,13.58
19/08/2011,13.64
18/08/2011,13.795
17/08/2011,12.9675
16/08/2011,12.9175
15/08/2011,12.9525
12/08/2011,13.62
11/08/2011,14.885
10/08/2011,14.8275
09/08/2011,15.11
08/08/2011,14.765
05/08/2011,13.655
04/08/2011,14.0475
03/08/2011,13.025
02/08/2011,13.2975
01/08/2011,13.0475
29/07/2011,12.5625
28/07/2011,12.175
27/07/2011,11.9375
26/07/2011,11.635
25/07/2011,11.62
22/07/2011,11.7025
21/07/2011,12.3425
20/07/2011,13.3825
19/07/2011,13.66
18/07/2011,13.835
15/07/2011,13.195
14/07/2011,13.1175
13/07/2011,13.1175
12/07/2011,13.87
11/07/2011,13.5275
08/07/2011,11.6575
07/07/2011,11.32
06/07/2011,11.9625
05/07/2011,11.6325
04/07/2011,11.56
01/07/2011,11.48
30/06/2011,11.885
29/06/2011,12.65
28/06/2011,13.095
27/06/2011,13.5725
24/06/2011,13.1075
23/06/2011,12.885
22/06/2011,12.28
21/06/2011,12.71
20/06/2011,13.005
17/06/2011,12.8
16/06/2011,13.41
15/06/2011,13.46
14/06/2011,11.8175
13/06/2011,11.9825
10/06/2011,11.6575
09/06/2011,11.3175
08/06/2011,11.6275
07/06/2011,10.9575
06/06/2011,11.1275
03/06/2011,11.1375
02/06/2011,11.52
01/06/2011,11.95
31/05/2011,12.3
30/05/2011,12.93
27/05/2011,12.7025
26/05/2011,12.6325
25/05/2011,12.875
24/05/2011,12.3675
23/05/2011,12.8
20/05/2011,11.8975
19/05/2011,11.8175
18/05/2011,12.145
17/05/2011,12.5475
16/05/2011,12.635
13/05/2011,12.765
12/05/2011,12.315
11/05/2011,12.425
10/05/2011,12.1475
09/05/2011,12.7525
06/05/2011,12.68
05/05/2011,11.845
04/05/2011,11.1425
03/05/2011,11.165
02/05/2011,10.82
29/04/2011,10.4825
28/04/2011,10.5825
27/04/2011,10.7675
26/04/2011,10.9775
25/04/2011,11.1425
22/04/2011,10.705
21/04/2011,10.67
20/04/2011,9.94
19/04/2011,10.155
18/04/2011,10.3875
15/04/2011,9.5
14/04/2011,9.545
13/04/2011,9.605
12/04/2011,9.5375
11/04/2011,9.455
08/04/2011,9.36
07/04/2011,9.245
06/04/2011,9.5125
05/04/2011,9.1925
04/04/2011,9.1275
01/04/2011,9.235
31/03/2011,9.44
30/03/2011,9.92
29/03/2011,9.8575
28/03/2011,10.0175
25/03/2011,10.11
24/03/2011,9.885
23/03/2011,10.365
22/03/2011,9.95
21/03/2011,10.095
18/03/2011,10.3125
17/03/2011,11.095
16/03/2011,11.11
15/03/2011,10.69
14/03/2011,10.2
11/03/2011,10.33
10/03/2011,10.245
09/03/2011,10.02
08/03/2011,10.095
07/03/2011,9.915
04/03/2011,9.965
03/03/2011,10.505
02/03/2011,10.71
01/03/2011,10.605
28/02/2011,10.69
25/02/2011,10.725
24/02/2011,11.06
23/02/2011,10.845
22/02/2011,10.905
21/02/2011,10.43
18/02/2011,10.375
17/02/2011,10.705
16/02/2011,10.69
15/02/2011,10.925
14/02/2011,11.05
11/02/2011,10.955
10/02/2011,11.05
09/02/2011,10.8
08/02/2011,10.91
07/02/2011,11.3575
04/02/2011,11.51
03/02/2011,11.8
02/02/2011,11.575
01/02/2011,11.505
31/01/2011,11.875
28/01/2011,11.7
27/01/2011,11.385
26/01/2011,11.295
25/01/2011,11.81
24/01/2011,11.945
21/01/2011,11.86
20/01/2011,12.56
19/01/2011,12.685
18/01/2011,12.74
17/01/2011,13.11
14/01/2011,12.715
13/01/2011,12.62
12/01/2011,12.56
11/01/2011,12.73
10/01/2011,13.07
07/01/2011,13.09
06/01/2011,13.56
05/01/2011,13.1825
04/01/2011,13.18
03/01/2011,13.745
31/12/2010,13.42
30/12/2010,13.285
29/12/2010,13.275
28/12/2010,13.24
27/12/2010,13.13
24/12/2010,12.7225
23/12/2010,12.845
22/12/2010,12.94
21/12/2010,12.96
20/12/2010,13.3
17/12/2010,13.08
16/12/2010,12.995
15/12/2010,12.5825
14/12/2010,12.005
13/12/2010,12.005
10/12/2010,11.975
09/12/2010,12.415
08/12/2010,12.725
07/12/2010,12.535
06/12/2010,12.87
03/12/2010,12.12
02/12/2010,13.145
01/12/2010,14.31
30/11/2010,15.265
29/11/2010,14.96
26/11/2010,14.035
25/11/2010,13.3425
24/11/2010,13.875
23/11/2010,14.065
22/11/2010,13.06
19/11/2010,12.795
18/11/2010,12.845
17/11/2010,13.685
16/11/2010,14.18
15/11/2010,14.0325
12/11/2010,13.805
11/11/2010,13.83
10/11/2010,14.005
09/11/2010,14.02
08/11/2010,13.815
05/11/2010,13.205
04/11/2010,12.615
03/11/2010,13.08
02/11/2010,14.045
01/11/2010,14.375
29/10/2010,13.8625
28/10/2010,13.54
27/10/2010,13.93
26/10/2010,13.6325
25/10/2010,13.5875
22/10/2010,13.4775
21/10/2010,13.6325
20/10/2010,13.8175
19/10/2010,13.9875
18/10/2010,13.5925
15/10/2010,13.15
14/10/2010,13.4925
13/10/2010,13.0575
12/10/2010,13.3625
11/10/2010,13.42
08/10/2010,13.55
07/10/2010,14.16
06/10/2010,13.5425
05/10/2010,12.885
04/10/2010,12.4875
01/10/2010,12.035
30/09/2010,12.2025
29/09/2010,12.41
28/09/2010,12.3525
27/09/2010,11.915
24/09/2010,11.82
23/09/2010,11.68
22/09/2010,11.49
21/09/2010,11.23
20/09/2010,11
17/09/2010,10.74
16/09/2010,10.6875
15/09/2010,10.985
14/09/2010,10.94
13/09/2010,10.625
10/09/2010,10.515
09/09/2010,10.72
08/09/2010,11.32
07/09/2010,11.49
06/09/2010,10.605
03/09/2010,10.69
02/09/2010,11.26
01/09/2010,11.7
31/08/2010,12.045
30/08/2010,11.81
27/08/2010,11.6425
26/08/2010,11.7375
25/08/2010,12.2925
24/08/2010,12.23
23/08/2010,12.175
20/08/2010,11.85
19/08/2010,11.45
18/08/2010,11.505
17/08/2010,11.72
16/08/2010,12.145
13/08/2010,12.075
12/08/2010,12.085
11/08/2010,12.085
10/08/2010,10.815
09/08/2010,10.765
06/08/2010,10.49
05/08/2010,10.89
04/08/2010,11.11
03/08/2010,10.825
02/08/2010,10.795
30/07/2010,10.59
29/07/2010,10.66
28/07/2010,10.75
27/07/2010,11.33
26/07/2010,11.6575
23/07/2010,12.28
22/07/2010,12.76
21/07/2010,12.825
20/07/2010,12.74
19/07/2010,12.665
16/07/2010,11.98
15/07/2010,11.695
14/07/2010,11.885
13/07/2010,12.0075
12/07/2010,12.145
09/07/2010,12
08/07/2010,12.28
07/07/2010,12.67
06/07/2010,12.805
05/07/2010,13.34
02/07/2010,13.305
01/07/2010,13.845
30/06/2010,13.555
29/06/2010,13.9
28/06/2010,13.11
25/06/2010,13.115
24/06/2010,12.95
23/06/2010,13.0475
22/06/2010,13.02
21/06/2010,13.0275
18/06/2010,12.8675
17/06/2010,13.27
16/06/2010,13.615
15/06/2010,13.6825
14/06/2010,13.4025
11/06/2010,13.8075
10/06/2010,14.6875
09/06/2010,15.62
08/06/2010,16.74
07/06/2010,17.045
04/06/2010,16.595
03/06/2010,15.7525
02/06/2010,16.21
01/06/2010,16.4
31/05/2010,15.6025
28/05/2010,15.655
27/05/2010,15.805
26/05/2010,16.51
25/05/2010,16.435
24/05/2010,15.565
21/05/2010,16.455
20/05/2010,17.735
19/05/2010,16.6075
18/05/2010,15.6725
17/05/2010,15.1075
14/05/2010,14.7025
13/05/2010,13.075
12/05/2010,13.645
11/05/2010,14.805
10/05/2010,14.7
07/05/2010,15.59
06/05/2010,16.2275
05/05/2010,13.33
04/05/2010,12.165
03/05/2010,11.345
30/04/2010,11.195
29/04/2010,11.405
28/04/2010,12.295
27/04/2010,12.06
26/04/2010,10.9125
23/04/2010,10.855
22/04/2010,10.715
21/04/2010,9.975
20/04/2010,9.935
19/04/2010,10.16
16/04/2010,9.975
15/04/2010,9.5925
14/04/2010,9.5825
13/04/2010,9.7625
12/04/2010,10.1075
09/04/2010,10.035
08/04/2010,10
07/04/2010,10.02
06/04/2010,10.04
05/04/2010,9.92
02/04/2010,9.84
01/04/2010,9.9375
31/03/2010,10.165
30/03/2010,10.53
29/03/2010,10.51
26/03/2010,10.68
25/03/2010,10.91
24/03/2010,10.965
23/03/2010,9.885
22/03/2010,10.165
19/03/2010,9.695
18/03/2010,9.43
17/03/2010,9.08
16/03/2010,9.305
15/03/2010,9.44
12/03/2010,9.345
11/03/2010,9.565
10/03/2010,9.865
09/03/2010,10.315
08/03/2010,10.35
05/03/2010,10.395
04/03/2010,10.7525
03/03/2010,10.89
02/03/2010,11.05
01/03/2010,11.135
26/02/2010,10.985
25/02/2010,11.36
24/02/2010,11.21
23/02/2010,11.485
22/02/2010,11.06
19/02/2010,11.43
18/02/2010,11.495
17/02/2010,11.305
16/02/2010,11.02
15/02/2010,11.27
12/02/2010,11.435
11/02/2010,11.54
10/02/2010,11.7225
09/02/2010,11.7325
08/02/2010,12.035
05/02/2010,12.64
04/02/2010,11.505
03/02/2010,10.43
02/02/2010,10.285
01/02/2010,10.5675
29/01/2010,10.845
28/01/2010,10.65
27/01/2010,10.7
26/01/2010,10.8
25/01/2010,10.58
22/01/2010,10.65
21/01/2010,10.765
20/01/2010,10.995
19/01/2010,10.295
18/01/2010,10.21
15/01/2010,10.125
14/01/2010,9.84
13/01/2010,10.075
12/01/2010,10.145
11/01/2010,10.185
08/01/2010,10.395
07/01/2010,10.6375
06/01/2010,10.5425
05/01/2010,10.59
04/01/2010,11.05
01/01/2010,11.035
31/12/2009,11.045
30/12/2009,11.015
29/12/2009,10.915
28/12/2009,10.965
25/12/2009,11.06
24/12/2009,11.01
23/12/2009,11.14
22/12/2009,11.17
21/12/2009,10.675
18/12/2009,10.5825
17/12/2009,10.75
16/12/2009,10.1975
15/12/2009,10.46
14/12/2009,10.02
11/12/2009,9.8
10/12/2009,9.72
09/12/2009,10.35
08/12/2009,10.525
07/12/2009,10.335
04/12/2009,10.125
03/12/2009,10.095
02/12/2009,10.175
01/12/2009,10.62
30/11/2009,11.2125
27/11/2009,11.3
26/11/2009,11.065
25/11/2009,10.505
24/11/2009,10.395
23/11/2009,10.48
20/11/2009,10.725
19/11/2009,10.735
18/11/2009,10.55
17/11/2009,10.315
16/11/2009,10.02
13/11/2009,10.14
12/11/2009,10.55
11/11/2009,10.5025
10/11/2009,10.7175
09/11/2009,10.7075
06/11/2009,10.47
05/11/2009,10.825
04/11/2009,11.53
03/11/2009,12.33
02/11/2009,11.1675
30/10/2009,10.525
29/10/2009,10.43
28/10/2009,11.1475
27/10/2009,10.775
26/10/2009,10.4
23/10/2009,10.035
22/10/2009,10.27
21/10/2009,10.35
20/10/2009,10.5175
19/10/2009,10.85
16/10/2009,10.59
15/10/2009,10.86
14/10/2009,11.295
13/10/2009,10.705
12/10/2009,10.4425
09/10/2009,10.135
08/10/2009,10.035
07/10/2009,10.15
06/10/2009,10.275
05/10/2009,10.285
02/10/2009,10.35
01/10/2009,10.245
30/09/2009,10.415
29/09/2009,10.58
28/09/2009,10.485
25/09/2009,9.9275
24/09/2009,9.845
23/09/2009,10.01
22/09/2009,10.4
21/09/2009,10.275
18/09/2009,10.12
17/09/2009,10.385
16/09/2009,10.76
15/09/2009,10.655
14/09/2009,11.115
11/09/2009,10.76
10/09/2009,10.9375
09/09/2009,11.4625
08/09/2009,11.195
07/09/2009,10.495
04/09/2009,10.235
03/09/2009,10.545
02/09/2009,10.78
01/09/2009,10.655
31/08/2009,10.33
28/08/2009,10.265
27/08/2009,10.305
26/08/2009,10.46
25/08/2009,10.67
24/08/2009,10.715
21/08/2009,10.7825
20/08/2009,10.64
19/08/2009,11.145
18/08/2009,11.1275
17/08/2009,11.515
14/08/2009,10.915
13/08/2009,11.0375
12/08/2009,11.685
11/08/2009,11.6725
10/08/2009,11.6725
07/08/2009,11.5575
06/08/2009,11.6825
05/08/2009,12.1475
04/08/2009,12.115
03/08/2009,12.065
31/07/2009,10.6475
30/07/2009,10.8075
29/07/2009,11.3025
28/07/2009,11.145
27/07/2009,11.285
24/07/2009,11.32
23/07/2009,11.7725
22/07/2009,11.8525
21/07/2009,12.31
20/07/2009,12.0925
17/07/2009,11.585
16/07/2009,11.585
15/07/2009,11.8075
14/07/2009,11.7125
13/07/2009,12.2375
10/07/2009,11.95
09/07/2009,12.0025
08/07/2009,12.3875
07/07/2009,12.115
06/07/2009,12.17
03/07/2009,11.835
02/07/2009,12.0175
01/07/2009,12.755
30/06/2009,12.815
29/06/2009,13.1
26/06/2009,12.855
25/06/2009,13.0175
24/06/2009,13.8225
23/06/2009,14.2275
22/06/2009,13.4925
19/06/2009,12.8425
18/06/2009,13.3075
17/06/2009,13.69
16/06/2009,13.6725
15/06/2009,13.7275
12/06/2009,13.4925
11/06/2009,13.775
10/06/2009,14.5425
09/06/2009,14.8725
08/06/2009,15.02
05/06/2009,14.9175
04/06/2009,15.5025
03/06/2009,16.11
02/06/2009,15.77
01/06/2009,15.415
29/05/2009,15.0125
28/05/2009,14.4575
27/05/2009,14.6875
26/05/2009,14.97
25/05/2009,15.4075
22/05/2009,15.2525
21/05/2009,14.155
20/05/2009,13.2825
19/05/2009,13.07
18/05/2009,13.005
15/05/2009,13.245
14/05/2009,13.765
13/05/2009,14.2775
12/05/2009,14.265
11/05/2009,13.9675
08/05/2009,13.665
07/05/2009,13.9525
06/05/2009,14.19
05/05/2009,14.125
04/05/2009,14.0125
01/05/2009,13.53
30/04/2009,13.7
29/04/2009,13.8925
28/04/2009,13.395
27/04/2009,13.5925
24/04/2009,13.4
23/04/2009,12.87
22/04/2009,13.615
21/04/2009,14.105
20/04/2009,14.235
17/04/2009,13.6075
16/04/2009,13.5375
15/04/2009,14.6225
14/04/2009,15.055
13/04/2009,15.175
10/04/2009,14.78
09/04/2009,14.71
08/04/2009,14.825
07/04/2009,15.2725
06/04/2009,15.7175
03/04/2009,16.1925
02/04/2009,17.405
01/04/2009,17.8875
31/03/2009,18.065
30/03/2009,18.31
27/03/2009,17.8625
26/03/2009,18.03
25/03/2009,17.9875
24/03/2009,17.72
23/03/2009,18.22
20/03/2009,18.3075
19/03/2009,18.335
18/03/2009,17.745
17/03/2009,16.2475
16/03/2009,16.5825
13/03/2009,16.38
12/03/2009,16.135
11/03/2009,16.25
10/03/2009,15.965
09/03/2009,15.865
06/03/2009,16.21
05/03/2009,16.56
04/03/2009,16.8625
03/03/2009,17.24
02/03/2009,17.7625
27/02/2009,17.71
26/02/2009,17.72
25/02/2009,18.52
24/02/2009,18.88
23/02/2009,19.06
20/02/2009,18.9075
19/02/2009,18.59
18/02/2009,19.305
17/02/2009,19.685
16/02/2009,18.595
13/02/2009,18.59
12/02/2009,18.98
11/02/2009,19.2475
10/02/2009,19.3425
09/02/2009,18.2425
06/02/2009,18.4225
05/02/2009,19.0225
04/02/2009,19.615
03/02/2009,20.025
02/02/2009,20.095
30/01/2009,20.1825
29/01/2009,20.215
28/01/2009,20.615
27/01/2009,20.9625
26/01/2009,21.1925
23/01/2009,20.675
22/01/2009,20.14
21/01/2009,21.485
20/01/2009,22.0075
19/01/2009,20.475
16/01/2009,19.895
15/01/2009,21.19
14/01/2009,22.435
13/01/2009,21.8
12/01/2009,21.49
09/01/2009,21.58
08/01/2009,23.005
07/01/2009,23.525
06/01/2009,24.3
05/01/2009,25.065
02/01/2009,24.0625
01/01/2009,23.8675
31/12/2008,23.6925
30/12/2008,23.9775
29/12/2008,23.405
26/12/2008,21.3525
25/12/2008,21.385
24/12/2008,21.425
23/12/2008,22.15
22/12/2008,24.1675
19/12/2008,25.805
18/12/2008,26.1
17/12/2008,25.365
16/12/2008,23.015
15/12/2008,22.46
12/12/2008,19.555
11/12/2008,18.515
10/12/2008,17.59
09/12/2008,18.515
08/12/2008,19.265
05/12/2008,19.495
04/12/2008,20.775
03/12/2008,22.595
02/12/2008,23.555
01/12/2008,23.62
28/11/2008,21.54
27/11/2008,21.59
26/11/2008,22.255
25/11/2008,22.845
24/11/2008,22.655
21/11/2008,21.7475
20/11/2008,21.465
19/11/2008,20.985
18/11/2008,21.535
17/11/2008,23.42
14/11/2008,23.255
13/11/2008,24.025
12/11/2008,24.84
11/11/2008,23.4875
10/11/2008,21.7075
07/11/2008,23.4675
06/11/2008,24.6675
05/11/2008,23.7925
04/11/2008,24.0725
03/11/2008,25.83
31/10/2008,27.265
30/10/2008,28.39
29/10/2008,26.2175
28/10/2008,26.245
27/10/2008,28.885
24/10/2008,24.9925
23/10/2008,20.7075
22/10/2008,22.24
21/10/2008,18.815
20/10/2008,17.08
17/10/2008,17.75
16/10/2008,19.2175
15/10/2008,18.23
14/10/2008,18.0125
13/10/2008,20.6
10/10/2008,23.5375
09/10/2008,18.8775
08/10/2008,19.1975
07/10/2008,18.8425
06/10/2008,19.1975
03/10/2008,16.7325
02/10/2008,17.335
01/10/2008,17.105
30/09/2008,17.04
29/09/2008,15.875
26/09/2008,14.5125
25/09/2008,13.935
24/09/2008,13.9675
23/09/2008,14.5475
22/09/2008,14.7075
19/09/2008,14.1825
18/09/2008,14.7525
17/09/2008,14.0975
16/09/2008,14.1575
15/09/2008,14.16
12/09/2008,12.385
11/09/2008,12.895
10/09/2008,12.64
09/09/2008,12.665
08/09/2008,12.88
05/09/2008,11.7675
04/09/2008,11.23
03/09/2008,11.195
02/09/2008,10.99
01/09/2008,10.6475
29/08/2008,10.155
28/08/2008,10.36
27/08/2008,10.455
26/08/2008,10.37
25/08/2008,10.3
22/08/2008,10.025
21/08/2008,10.3175
20/08/2008,10.255
19/08/2008,10.435
18/08/2008,10.3725
15/08/2008,10.645
14/08/2008,10.385
13/08/2008,10.5475
12/08/2008,10.405
11/08/2008,10.6575
08/08/2008,10.3975
07/08/2008,8.7275
06/08/2008,8.3975
05/08/2008,8.27
04/08/2008,8.1125
01/08/2008,8.0325
31/07/2008,8.0625
30/07/2008,8.4
29/07/2008,8.4625
28/07/2008,8.475
25/07/2008,8.4775
24/07/2008,8.6025
23/07/2008,9.0075
22/07/2008,9.3075
21/07/2008,9.17
18/07/2008,9.11
17/07/2008,9.4625
16/07/2008,10.24
15/07/2008,10.6175
14/07/2008,10.0325
11/07/2008,9.515
10/07/2008,9.1725
09/07/2008,9.18
08/07/2008,9.3275
07/07/2008,9.1975
04/07/2008,9.055
03/07/2008,9.5375
02/07/2008,9.8775
01/07/2008,9.6225
30/06/2008,9.655
27/06/2008,9.445
26/06/2008,9.345
25/06/2008,9.2975
24/06/2008,9.4275
23/06/2008,9.56
20/06/2008,9.23
19/06/2008,9.3225
18/06/2008,9.7125
17/06/2008,9.8975
16/06/2008,10.325
13/06/2008,10.7075
12/06/2008,10.4525
11/06/2008,10.2325
10/06/2008,10.6225
09/06/2008,10.38
06/06/2008,9.6875
05/06/2008,9.2825
04/06/2008,9.5175
03/06/2008,9.535
02/06/2008,9.2875
30/05/2008,9.05
29/05/2008,9.4075
28/05/2008,9.5825
27/05/2008,9.62
26/05/2008,9.4675
23/05/2008,9.415
22/05/2008,9.6675
21/05/2008,10.0575
20/05/2008,9.66
19/05/2008,9.3875
16/05/2008,9.2175
15/05/2008,9.52
14/05/2008,9.8275
13/05/2008,10.035
12/05/2008,10.155
09/05/2008,10.0975
08/05/2008,10.1075
07/05/2008,9.9675
06/05/2008,9.7625
05/05/2008,9.945
02/05/2008,9.8825
01/05/2008,10.2825
30/04/2008,10.2175
29/04/2008,10.1925
28/04/2008,10.0775
25/04/2008,10.3425
24/04/2008,10.3975
23/04/2008,10.6275
22/04/2008,10.8425
21/04/2008,10.6825
18/04/2008,10.785
17/04/2008,10.67
16/04/2008,10.7175
15/04/2008,10.6925
14/04/2008,10.6975
11/04/2008,11.455
10/04/2008,10.7725
09/04/2008,10.405
08/04/2008,10.365
07/04/2008,10.2525
04/04/2008,10.3375
03/04/2008,10.945
02/04/2008,11.0325
01/04/2008,11.6825
31/03/2008,11.5925
28/03/2008,11.3025
27/03/2008,11.6625
26/03/2008,11.7425
25/03/2008,11.585
24/03/2008,12.1596
21/03/2008,12.0165
20/03/2008,12.2193
19/03/2008,11.9704
18/03/2008,12.0316
17/03/2008,12.775
14/03/2008,11.475
13/03/2008,10.725
12/03/2008,10.525
11/03/2008,10.175
10/03/2008,10.225
07/03/2008,10.2
06/03/2008,10.325
05/03/2008,9.825
04/03/2008,9.575
03/03/2008,9.625
29/02/2008,9.525
28/02/2008,9.5
27/02/2008,9.425
26/02/2008,8.8008
25/02/2008,8.35
22/02/2008,8.65
21/02/2008,8.875
20/02/2008,9
19/02/2008,8.925
18/02/2008,8.725
15/02/2008,8.825
14/02/2008,8.75
13/02/2008,9.15
12/02/2008,9.425
11/02/2008,9.875
08/02/2008,9.675
07/02/2008,10.025
06/02/2008,9.725
05/02/2008,9.375
04/02/2008,8.975
01/02/2008,8.975
31/01/2008,9.225
30/01/2008,9.15
29/01/2008,9.05
28/01/2008,9.2
25/01/2008,8.975
24/01/2008,9.575
23/01/2008,9.725
22/01/2008,9.875
21/01/2008,10.05
18/01/2008,9.525
17/01/2008,9.775
16/01/2008,9.975
15/01/2008,9.55
14/01/2008,9.55
11/01/2008,8.975
10/01/2008,8.95
09/01/2008,9.15
08/01/2008,9.0376
07/01/2008,9.725
04/01/2008,9.4266
03/01/2008,9.65
02/01/2008,9.775
01/01/2008,9.3269
31/12/2007,9.35
28/12/2007,9.35
27/12/2007,9.2
26/12/2007,9.25
25/12/2007,9.25
24/12/2007,9.25
21/12/2007,9.25
20/12/2007,9.275
19/12/2007,9.25
18/12/2007,9.15
17/12/2007,9.375
14/12/2007,8.625
13/12/2007,8.05
12/12/2007,8.4
11/12/2007,8.525
10/12/2007,8.4
07/12/2007,8.8
06/12/2007,9.075
05/12/2007,9.25
04/12/2007,9.025
03/12/2007,8.9
30/11/2007,8.75
29/11/2007,9.3436
28/11/2007,9.5007
27/11/2007,9.025
26/11/2007,9.5
23/11/2007,9.875
22/11/2007,9.65
21/11/2007,9.85
20/11/2007,9.475
19/11/2007,8.85
16/11/2007,9.075
15/11/2007,8.725
14/11/2007,8.625
13/11/2007,8.75
12/11/2007,10
09/11/2007,9.3
08/11/2007,8.85
07/11/2007,8.8
06/11/2007,7.55
05/11/2007,7.5
02/11/2007,7.2
